{"cameraMode":{"drawMode":0,"name":"Shaded","section":"Shading Mode"},"sceneLighting":true,"audioPlay":false,"sceneViewState":{"showFog":false,"showMaterialUpdate":false,"showSkybox":false,"showFlares":false,"showImageEffects":false,"showParticleSystems":false},"in2DMode":false,"pivot":{"x":2.1494455337524416,"y":0.5119267702102661,"z":9.117528915405274},"rotation":{"x":0.02432584948837757,"y":0.15235929191112519,"z":-0.0036506764590740206,"w":0.9880602359771729},"size":16.70100212097168,"orthographic":false}