{"cameraMode":{"drawMode":0,"name":"Shaded","section":"Shading Mode"},"sceneLighting":true,"audioPlay":false,"sceneViewState":{"showFog":false,"showMaterialUpdate":false,"showSkybox":false,"showFlares":false,"showImageEffects":false,"showParticleSystems":false},"in2DMode":false,"pivot":{"x":0.7725498676300049,"y":0.3423715829849243,"z":1.6890079975128174},"rotation":{"x":0.027127332985401155,"y":-0.7272709012031555,"z":0.028836581856012346,"w":0.6852561831474304},"size":2.919790267944336,"orthographic":false}