{"cameraMode":{"drawMode":0,"name":"Shaded","section":"Shading Mode"},"sceneLighting":false,"audioPlay":false,"sceneViewState":{"showFog":false,"showMaterialUpdate":false,"showSkybox":false,"showFlares":false,"showImageEffects":false,"showParticleSystems":false},"in2DMode":false,"pivot":{"x":10.730445861816407,"y":-0.6606966257095337,"z":17.050212860107423},"rotation":{"x":0.14729991555213929,"y":0.18836663663387299,"z":-0.028526252135634424,"w":0.9706092476844788},"size":5.869094371795654,"orthographic":false}