{"cameraMode":{"drawMode":0,"name":"Shaded","section":"Shading Mode"},"sceneLighting":true,"audioPlay":false,"sceneViewState":{"showFog":false,"showMaterialUpdate":false,"showSkybox":false,"showFlares":false,"showImageEffects":false,"showParticleSystems":false},"in2DMode":false,"pivot":{"x":-0.8621197938919067,"y":0.17137467861175538,"z":-8.964778900146485},"rotation":{"x":-0.00014111735799815506,"y":-0.9982717037200928,"z":-0.002395728137344122,"w":0.0587640143930912},"size":13.585774421691895,"orthographic":false}