{"cameraMode":{"drawMode":0,"name":"Shaded","section":"Shading Mode"},"sceneLighting":true,"audioPlay":false,"sceneViewState":{"showFog":false,"showMaterialUpdate":false,"showSkybox":false,"showFlares":false,"showImageEffects":false,"showParticleSystems":false},"in2DMode":false,"pivot":{"x":16.010581970214845,"y":0.5902889966964722,"z":31.311439514160158},"rotation":{"x":0.01664145104587078,"y":-0.895475447177887,"z":0.03359582647681236,"w":0.4435415267944336},"size":4.341658592224121,"orthographic":false}