{"cameraMode":{"drawMode":0,"name":"Shaded","section":"Shading Mode"},"sceneLighting":true,"audioPlay":false,"sceneViewState":{"showFog":false,"showMaterialUpdate":false,"showSkybox":false,"showFlares":false,"showImageEffects":false,"showParticleSystems":false},"in2DMode":false,"pivot":{"x":1.984214425086975,"y":-0.05124661698937416,"z":0.8743841648101807},"rotation":{"x":-0.0045708860270679,"y":-0.5322723388671875,"z":0.0028754957020282747,"w":-0.846562922000885},"size":4.7150421142578129,"orthographic":false}