{"cameraMode":{"drawMode":0,"name":"Shaded","section":"Shading Mode"},"sceneLighting":true,"audioPlay":false,"sceneViewState":{"showFog":false,"showMaterialUpdate":false,"showSkybox":false,"showFlares":false,"showImageEffects":false,"showParticleSystems":false},"in2DMode":false,"pivot":{"x":-48.662803649902347,"y":13.315866470336914,"z":-12.870209693908692},"rotation":{"x":0.27702489495277407,"y":-0.13292527198791505,"z":0.038728777319192889,"w":0.9508408308029175},"size":107.10336303710938,"orthographic":false}