{"cameraMode":{"drawMode":0,"name":"Shaded","section":"Shading Mode"},"sceneLighting":true,"audioPlay":false,"sceneViewState":{"showFog":false,"showMaterialUpdate":false,"showSkybox":false,"showFlares":false,"showImageEffects":false,"showParticleSystems":false},"in2DMode":false,"pivot":{"x":0.19002434611320496,"y":0.9741520881652832,"z":10.513360977172852},"rotation":{"x":0.02457999996840954,"y":-0.034488752484321597,"z":0.0009477751445956528,"w":0.9991430640220642},"size":34.70432662963867,"orthographic":false}