{"cameraMode":{"drawMode":0,"name":"Shaded","section":"Shading Mode"},"sceneLighting":true,"audioPlay":false,"sceneViewState":{"showFog":false,"showMaterialUpdate":false,"showSkybox":false,"showFlares":false,"showImageEffects":false,"showParticleSystems":false},"in2DMode":false,"pivot":{"x":0.09871558845043183,"y":-0.46733760833740237,"z":2.5255556106567385},"rotation":{"x":0.17459948360919953,"y":-0.004139826167374849,"z":0.0007338360301218927,"w":0.9846326112747192},"size":8.297974586486817,"orthographic":false}