{"cameraMode":{"drawMode":0,"name":"Shaded","section":"Shading Mode"},"sceneLighting":true,"audioPlay":false,"sceneViewState":{"showFog":false,"showMaterialUpdate":false,"showSkybox":false,"showFlares":false,"showImageEffects":false,"showParticleSystems":false},"in2DMode":false,"pivot":{"x":-2.7409677505493166,"y":0.9189050197601318,"z":0.2916586995124817},"rotation":{"x":0.061383217573165897,"y":-0.050281375646591189,"z":0.003096212400123477,"w":0.9968422651290894},"size":6.501151084899902,"orthographic":false}