{"cameraMode":{"drawMode":0,"name":"Shaded","section":"Shading Mode"},"sceneLighting":true,"audioPlay":false,"sceneViewState":{"showFog":false,"showMaterialUpdate":false,"showSkybox":false,"showFlares":false,"showImageEffects":false,"showParticleSystems":false},"in2DMode":false,"pivot":{"x":0.8960107564926148,"y":-0.17688554525375367,"z":0.09684395790100098},"rotation":{"x":0.009854692034423352,"y":-0.8022369742393494,"z":-0.013233084231615067,"w":-0.5968033075332642},"size":2.7527897357940676,"orthographic":false}