{"cameraMode":{"drawMode":0,"name":"Shaded","section":"Shading Mode"},"sceneLighting":true,"audioPlay":false,"sceneViewState":{"showFog":false,"showMaterialUpdate":false,"showSkybox":false,"showFlares":false,"showImageEffects":false,"showParticleSystems":false},"in2DMode":false,"pivot":{"x":18.268999099731447,"y":6.4079999923706059,"z":30.601999282836915},"rotation":{"x":0.06519726663827896,"y":-0.2994040548801422,"z":0.02051118202507496,"w":0.9516823887825012},"size":22.0,"orthographic":true}