{"cameraMode":{"drawMode":0,"name":"Shaded","section":"Shading Mode"},"sceneLighting":true,"audioPlay":false,"sceneViewState":{"showFog":false,"showMaterialUpdate":false,"showSkybox":false,"showFlares":false,"showImageEffects":false,"showParticleSystems":false},"in2DMode":false,"pivot":{"x":0.826860785484314,"y":0.8050940632820129,"z":9.173198699951172},"rotation":{"x":0.08237767219543457,"y":-0.22085876762866975,"z":0.018829286098480226,"w":0.9716804623603821},"size":19.058616638183595,"orthographic":false}